{"cameraMode":{"drawMode":0,"name":"Shaded","section":"Shading Mode"},"sceneLighting":false,"audioPlay":false,"sceneViewState":{"showFog":true,"showMaterialUpdate":true,"showSkybox":true,"showFlares":true,"showImageEffects":true,"showParticleSystems":true},"in2DMode":false,"pivot":{"x":-22.40999984741211,"y":-8.645524978637696,"z":-33.32783126831055},"rotation":{"x":-0.0370737724006176,"y":0.9359546303749085,"z":-0.10374924540519715,"w":-0.3344587981700897},"size":90.9210433959961,"orthographic":false}