{"cameraMode":{"drawMode":0,"name":"Shaded","section":"Shading Mode"},"sceneLighting":true,"audioPlay":false,"sceneViewState":{"showFog":false,"showMaterialUpdate":false,"showSkybox":false,"showFlares":false,"showImageEffects":false,"showParticleSystems":false},"in2DMode":false,"pivot":{"x":4.150000095367432,"y":9.414395332336426,"z":-1608.78857421875},"rotation":{"x":0.05168281868100166,"y":0.7815369367599487,"z":-0.065330371260643,"w":0.6182823777198792},"size":2.8578836917877199,"orthographic":false}