{"cameraMode":{"drawMode":0,"name":"Shaded","section":"Shading Mode"},"sceneLighting":true,"audioPlay":false,"sceneViewState":{"showFog":true,"showMaterialUpdate":true,"showSkybox":true,"showFlares":true,"showImageEffects":true,"showParticleSystems":true},"in2DMode":false,"pivot":{"x":0.7311139106750488,"y":1.6861554384231568,"z":0.34034299850463869},"rotation":{"x":-0.16763190925121308,"y":0.3570109009742737,"z":-0.06536608189344406,"w":-0.9166818857192993},"size":3.559152603149414,"orthographic":false}