{"cameraMode":{"drawMode":0,"name":"Shaded","section":"Shading Mode"},"sceneLighting":true,"audioPlay":false,"sceneViewState":{"showFog":true,"showMaterialUpdate":true,"showSkybox":true,"showFlares":true,"showImageEffects":true,"showParticleSystems":true},"in2DMode":false,"pivot":{"x":-1.6552762985229493,"y":1.1412209272384644,"z":236.10275268554688},"rotation":{"x":-0.008014578372240067,"y":0.9807182550430298,"z":-0.04121660813689232,"w":-0.1909387856721878},"size":2.946995496749878,"orthographic":false}