{"cameraMode":{"drawMode":0,"name":"Shaded","section":"Shading Mode"},"sceneLighting":true,"audioPlay":false,"sceneViewState":{"showFog":true,"showMaterialUpdate":true,"showSkybox":true,"showFlares":true,"showImageEffects":true,"showParticleSystems":true},"in2DMode":false,"pivot":{"x":4.291319847106934,"y":1.1321958303451539,"z":3.57650089263916},"rotation":{"x":0.07648813724517822,"y":0.2681928277015686,"z":-0.0213667880743742,"w":0.9600890278816223},"size":10.518071174621582,"orthographic":false}