{"cameraMode":{"drawMode":0,"name":"Shaded","section":"Shading Mode"},"sceneLighting":false,"audioPlay":false,"sceneViewState":{"showFog":true,"showMaterialUpdate":true,"showSkybox":true,"showFlares":true,"showImageEffects":true,"showParticleSystems":true},"in2DMode":false,"pivot":{"x":-6.193060398101807,"y":5.81557559967041,"z":-10.556966781616211},"rotation":{"x":0.026180284097790719,"y":0.9714734554290772,"z":-0.12898902595043183,"w":0.19734209775924684},"size":1.1530351638793946,"orthographic":false}