{"cameraMode":{"drawMode":0,"name":"Shaded","section":"Shading Mode"},"sceneLighting":false,"audioPlay":false,"sceneViewState":{"showFog":true,"showMaterialUpdate":true,"showSkybox":true,"showFlares":true,"showImageEffects":true,"showParticleSystems":true},"in2DMode":false,"pivot":{"x":0.000885009765625,"y":26.20697021484375,"z":-0.00189208984375},"rotation":{"x":-0.040744516998529437,"y":0.8278583884239197,"z":-0.060375094413757327,"w":-0.556260347366333},"size":3599.31640625,"orthographic":false}