{"cameraMode":{"drawMode":0,"name":"Shaded","section":"Shading Mode"},"sceneLighting":false,"audioPlay":false,"sceneViewState":{"showFog":true,"showMaterialUpdate":true,"showSkybox":true,"showFlares":true,"showImageEffects":true,"showParticleSystems":true},"in2DMode":false,"pivot":{"x":-0.1936691552400589,"y":2.154292583465576,"z":3.9322495460510256},"rotation":{"x":-0.0009767983574420214,"y":-0.9947568774223328,"z":0.10181846469640732,"w":-0.009542273357510567},"size":5.121986389160156,"orthographic":false}