{"cameraMode":{"drawMode":0,"name":"Shaded","section":"Shading Mode"},"sceneLighting":true,"audioPlay":false,"sceneViewState":{"showFog":true,"showMaterialUpdate":true,"showSkybox":true,"showFlares":true,"showImageEffects":true,"showParticleSystems":true},"in2DMode":false,"pivot":{"x":251.8989715576172,"y":-167.6162567138672,"z":-807.9854125976563},"rotation":{"x":0.11460105329751969,"y":-0.8808539509773254,"z":-0.36889612674713137,"w":-0.27364152669906618},"size":0.6567255258560181,"orthographic":false}