{"cameraMode":{"drawMode":2,"name":"Shaded Wireframe","section":"Shading Mode"},"sceneLighting":false,"audioPlay":false,"sceneViewState":{"showFog":true,"showMaterialUpdate":true,"showSkybox":true,"showFlares":true,"showImageEffects":true,"showParticleSystems":true},"in2DMode":false,"pivot":{"x":-1390.330078125,"y":-302.64239501953127,"z":337.28900146484377},"rotation":{"x":-0.027113426476716996,"y":0.9238774180412293,"z":0.06663355231285095,"w":0.37588098645210268},"size":696.7559814453125,"orthographic":false}