{"cameraMode":{"drawMode":2,"name":"Shaded Wireframe","section":"Shading Mode"},"sceneLighting":false,"audioPlay":false,"sceneViewState":{"showFog":true,"showMaterialUpdate":true,"showSkybox":true,"showFlares":true,"showImageEffects":true,"showParticleSystems":true},"in2DMode":false,"pivot":{"x":1.859851360321045,"y":1.524735450744629,"z":6.212545394897461},"rotation":{"x":0.06257156282663346,"y":0.9233500957489014,"z":-0.17088496685028077,"w":0.33809590339660647},"size":4.400178909301758,"orthographic":false}