{"cameraMode":{"drawMode":2,"name":"Shaded Wireframe","section":"Shading Mode"},"sceneLighting":false,"audioPlay":false,"sceneViewState":{"showFog":true,"showMaterialUpdate":true,"showSkybox":true,"showFlares":true,"showImageEffects":true,"showParticleSystems":true},"in2DMode":false,"pivot":{"x":-0.1728215217590332,"y":2.9297447204589845,"z":5.548000335693359},"rotation":{"x":0.031838253140449527,"y":0.8175876140594482,"z":-0.04542459547519684,"w":0.573131799697876},"size":10.658252716064454,"orthographic":false}