{"cameraMode":{"drawMode":2,"name":"Shaded Wireframe","section":"Shading Mode"},"sceneLighting":false,"audioPlay":false,"sceneViewState":{"showFog":true,"showMaterialUpdate":true,"showSkybox":true,"showFlares":true,"showImageEffects":true,"showParticleSystems":true},"in2DMode":false,"pivot":{"x":-0.08641074597835541,"y":1.4648724794387818,"z":4.029999732971191},"rotation":{"x":0.031838253140449527,"y":0.8175876140594482,"z":-0.04542459547519684,"w":0.573131799697876},"size":14.282482147216797,"orthographic":false}