{"cameraMode":{"drawMode":2,"name":"Shaded Wireframe","section":"Shading Mode"},"sceneLighting":false,"audioPlay":false,"sceneViewState":{"showFog":true,"showMaterialUpdate":true,"showSkybox":true,"showFlares":true,"showImageEffects":true,"showParticleSystems":true},"in2DMode":false,"pivot":{"x":0.000014960765838623047,"y":3.200000047683716,"z":-20.700000762939454},"rotation":{"x":0.05164540186524391,"y":0.9270143508911133,"z":-0.13897548615932465,"w":0.34449270367622378},"size":3.429461717605591,"orthographic":false}