{"cameraMode":{"drawMode":2,"name":"Shaded Wireframe","section":"Shading Mode"},"sceneLighting":true,"audioPlay":false,"sceneViewState":{"showFog":true,"showMaterialUpdate":true,"showSkybox":true,"showFlares":true,"showImageEffects":true,"showParticleSystems":true},"in2DMode":false,"pivot":{"x":-1.6437214612960816,"y":1.7088688611984254,"z":5.773975372314453},"rotation":{"x":-0.1789514422416687,"y":-0.02922012470662594,"z":0.005317708011716604,"w":-0.9834147691726685},"size":2.4396891593933107,"orthographic":false}