{"cameraMode":{"drawMode":2,"name":"Shaded Wireframe","section":"Shading Mode"},"sceneLighting":false,"audioPlay":false,"sceneViewState":{"showFog":true,"showMaterialUpdate":true,"showSkybox":true,"showFlares":true,"showImageEffects":true,"showParticleSystems":true},"in2DMode":false,"pivot":{"x":-0.656421422958374,"y":1.2768702507019044,"z":5.287154197692871},"rotation":{"x":-0.013754594139754773,"y":0.9541541934013367,"z":-0.04440215602517128,"w":-0.2957804799079895},"size":3.056119918823242,"orthographic":false}