{"cameraMode":{"drawMode":0,"name":"Shaded","section":"Shading Mode"},"sceneLighting":true,"audioPlay":false,"sceneViewState":{"showFog":true,"showMaterialUpdate":true,"showSkybox":true,"showFlares":true,"showImageEffects":true,"showParticleSystems":true},"in2DMode":false,"pivot":{"x":0.3848295211791992,"y":5.594643592834473,"z":42.091064453125},"rotation":{"x":-0.010029694996774197,"y":-0.9820054173469544,"z":0.0545574314892292,"w":-0.1805277317762375},"size":5.557884693145752,"orthographic":false}