{"cameraMode":{"drawMode":0,"name":"Shaded","section":"Shading Mode"},"sceneLighting":true,"audioPlay":false,"sceneViewState":{"showFog":true,"showMaterialUpdate":true,"showSkybox":true,"showFlares":true,"showImageEffects":true,"showParticleSystems":true},"in2DMode":false,"pivot":{"x":9.305660247802735,"y":-8.721455574035645,"z":-34.051849365234378},"rotation":{"x":0.07647956907749176,"y":0.847859263420105,"z":-0.12769638001918794,"w":0.5089597702026367},"size":67.00296020507813,"orthographic":false}