{"cameraMode":{"drawMode":0,"name":"Shaded","section":"Shading Mode"},"sceneLighting":true,"audioPlay":false,"sceneViewState":{"showFog":false,"showMaterialUpdate":false,"showSkybox":false,"showFlares":false,"showImageEffects":false,"showParticleSystems":false},"in2DMode":false,"pivot":{"x":4.150000095367432,"y":9.414395332336426,"z":-1608.78857421875},"rotation":{"x":0.15028870105743409,"y":-0.022243624553084375,"z":0.0033810038585215809,"w":0.9883923530578613},"size":0.8377806544303894,"orthographic":false}