{"cameraMode":{"drawMode":0,"name":"Shaded","section":"Shading Mode"},"sceneLighting":false,"audioPlay":false,"sceneViewState":{"showFog":true,"showMaterialUpdate":true,"showSkybox":false,"showFlares":true,"showImageEffects":true,"showParticleSystems":true},"in2DMode":false,"pivot":{"x":-0.00019073486328125,"y":5.292458534240723,"z":112.24269104003906},"rotation":{"x":-0.0015589013928547502,"y":0.9329146146774292,"z":0.004222523421049118,"w":0.3601510524749756},"size":177.45428466796876,"orthographic":false}