{"cameraMode":{"drawMode":0,"name":"Shaded","section":"Shading Mode"},"sceneLighting":true,"audioPlay":false,"sceneViewState":{"showFog":true,"showMaterialUpdate":true,"showSkybox":true,"showFlares":true,"showImageEffects":true,"showParticleSystems":true},"in2DMode":false,"pivot":{"x":0.021811962127685548,"y":0.5237207412719727,"z":0.047951504588127139},"rotation":{"x":-0.009897222742438317,"y":0.9901198744773865,"z":-0.09774655103683472,"w":-0.10074316710233689},"size":3.095762252807617,"orthographic":false}