{"cameraMode":{"drawMode":0,"name":"Shaded","section":"Shading Mode"},"sceneLighting":true,"audioPlay":false,"sceneViewState":{"showFog":true,"showMaterialUpdate":true,"showSkybox":true,"showFlares":true,"showImageEffects":true,"showParticleSystems":true},"in2DMode":false,"pivot":{"x":-345.18670654296877,"y":172.69134521484376,"z":121.826904296875},"rotation":{"x":0.002647141460329294,"y":-0.9959319233894348,"z":0.08475808799266815,"w":0.03201904147863388},"size":1253.083740234375,"orthographic":false}