{"cameraMode":{"drawMode":0,"name":"Shaded","section":"Shading Mode"},"sceneLighting":true,"audioPlay":false,"sceneViewState":{"showFog":true,"showMaterialUpdate":true,"showSkybox":true,"showFlares":true,"showImageEffects":true,"showParticleSystems":true},"in2DMode":false,"pivot":{"x":-155.51873779296876,"y":43.559669494628909,"z":-449.5242919921875},"rotation":{"x":0.0006337104714475572,"y":0.708592414855957,"z":-0.0006365629378706217,"w":0.7056195735931397},"size":62.37740707397461,"orthographic":false}