{"cameraMode":{"drawMode":0,"name":"Shaded","section":"Shading Mode"},"sceneLighting":true,"audioPlay":false,"sceneViewState":{"showFog":true,"showMaterialUpdate":true,"showSkybox":true,"showFlares":true,"showImageEffects":true,"showParticleSystems":true},"in2DMode":false,"pivot":{"x":-1068.920654296875,"y":27.229381561279298,"z":450.26129150390627},"rotation":{"x":0.01705123484134674,"y":-0.7631009221076965,"z":0.02014850825071335,"w":0.6457532048225403},"size":463.1113586425781,"orthographic":false}