{"cameraMode":{"drawMode":0,"name":"Shaded","section":"Shading Mode"},"sceneLighting":true,"audioPlay":false,"sceneViewState":{"showFog":false,"showMaterialUpdate":true,"showSkybox":true,"showFlares":true,"showImageEffects":true,"showParticleSystems":true},"in2DMode":false,"pivot":{"x":-160.79530334472657,"y":52.15259552001953,"z":-455.94940185546877},"rotation":{"x":-0.09101732075214386,"y":-0.08771198987960816,"z":0.0080476189032197,"w":-0.9919492602348328},"size":2.1374435424804689,"orthographic":false}