{"cameraMode":{"drawMode":0,"name":"Shaded","section":"Shading Mode"},"sceneLighting":true,"audioPlay":false,"sceneViewState":{"showFog":true,"showMaterialUpdate":false,"showSkybox":true,"showFlares":true,"showImageEffects":true,"showParticleSystems":true},"in2DMode":false,"pivot":{"x":-6.212529182434082,"y":-0.5721117854118347,"z":236.9372100830078},"rotation":{"x":-0.02250702865421772,"y":-0.9726765155792236,"z":0.1069411039352417,"w":-0.20494738221168519},"size":1.7383689880371094,"orthographic":false}