{"cameraMode":{"drawMode":0,"name":"Shaded","section":"Shading Mode"},"sceneLighting":true,"audioPlay":false,"sceneViewState":{"showFog":true,"showMaterialUpdate":true,"showSkybox":true,"showFlares":true,"showImageEffects":true,"showParticleSystems":true},"in2DMode":false,"pivot":{"x":-8.964936256408692,"y":-122.63825988769531,"z":-694.343994140625},"rotation":{"x":-0.3721857964992523,"y":0.16549880802631379,"z":-0.06761036068201065,"w":-0.9108784794807434},"size":36.72261047363281,"orthographic":false}