{"cameraMode":{"drawMode":0,"name":"Shaded","section":"Shading Mode"},"sceneLighting":true,"audioPlay":false,"sceneViewState":{"showFog":true,"showMaterialUpdate":true,"showSkybox":true,"showFlares":true,"showImageEffects":true,"showParticleSystems":true},"in2DMode":false,"pivot":{"x":-0.2746741771697998,"y":0.6405447721481323,"z":2.5476481914520265},"rotation":{"x":-0.08837549388408661,"y":0.25292134284973147,"z":-0.02321329340338707,"w":-0.9631683826446533},"size":5.588153839111328,"orthographic":false}