{"cameraMode":{"drawMode":0,"name":"Shaded","section":"Shading Mode"},"sceneLighting":false,"audioPlay":false,"sceneViewState":{"showFog":true,"showMaterialUpdate":true,"showSkybox":false,"showFlares":true,"showImageEffects":true,"showParticleSystems":true},"in2DMode":false,"pivot":{"x":-1.9633245468139649,"y":0.955356776714325,"z":0.010947629809379578},"rotation":{"x":-0.03813371807336807,"y":0.898605465888977,"z":-0.07973483949899674,"w":-0.4297637939453125},"size":7.41831111907959,"orthographic":false}