{"cameraMode":{"drawMode":0,"name":"Shaded","section":"Shading Mode"},"sceneLighting":true,"audioPlay":false,"sceneViewState":{"showFog":true,"showMaterialUpdate":true,"showSkybox":true,"showFlares":true,"showImageEffects":true,"showParticleSystems":true},"in2DMode":false,"pivot":{"x":-2.1973795890808107,"y":-116.97136688232422,"z":-710.2437744140625},"rotation":{"x":0.01339380256831646,"y":-0.9831982254981995,"z":0.08070792257785797,"w":0.1636962890625},"size":4.885328769683838,"orthographic":false}