{"cameraMode":{"drawMode":0,"name":"Shaded","section":"Shading Mode"},"sceneLighting":true,"audioPlay":false,"sceneViewState":{"showFog":true,"showMaterialUpdate":true,"showSkybox":true,"showFlares":true,"showImageEffects":true,"showParticleSystems":true},"in2DMode":false,"pivot":{"x":-13.461999893188477,"y":-122.2879867553711,"z":-855.7125244140625},"rotation":{"x":-0.06581251323223114,"y":0.8154541850090027,"z":-0.09460483491420746,"w":-0.567253828048706},"size":7.175560474395752,"orthographic":false}